{
  "display": {
    "icon": {
      "item": "deeperdarker:heart_of_the_deep"
    },
    "title": "Край разблокирован!",
    "description": "Раздобудьте сердце вардена"
  },
  "parent": "restrictedportals:root",
  "criteria": {
    "obtain_heart": {
      "trigger": "minecraft:inventory_changed",
      "conditions": {
        "items": [
          {
            "items": [ "deeperdarker:heart_of_the_deep" ]
          }
        ]
      }
    }
  }
}