{
  "display": {
    "icon": {
      "item": "iceandfire:fire_dragon_heart"
    },
    "title": "Нижний мир разблокирован!",
    "description": "Убейте огненного, ледяного или молниевого дракона",
    "frame": "goal",
    "show_toast": true,
    "announce_to_chat": true,
    "hidden": false
  },
  "parent": "restrictedportals:root",
  "criteria": {
    "obtain_fire_heart": {
      "trigger": "minecraft:inventory_changed",
      "conditions": {
        "items": [
          {
            "items": [ "iceandfire:fire_dragon_heart" ]
          }
        ]
      }
    },
    "obtain_ice_heart": {
      "trigger": "minecraft:inventory_changed",
      "conditions": {
        "items": [
          {
            "items": [ "iceandfire:ice_dragon_heart" ]
          }
        ]
      }
    },
    "obtain_lightning_heart": {
      "trigger": "minecraft:inventory_changed",
      "conditions": {
        "items": [
          {
            "items": [ "iceandfire:lightning_dragon_heart" ]
          }
        ]
      }
    }
  },
  "requirements": [
    [
      "obtain_fire_heart",
      "obtain_ice_heart",
      "obtain_lightning_heart"
    ]
  ]
}